--
-- PostgreSQL database dump
--

-- Dumped from database version 18.1
-- Dumped by pg_dump version 18.1

-- Started on 2026-03-07 19:30:12

SET statement_timeout = 0;
SET lock_timeout = 0;
SET idle_in_transaction_session_timeout = 0;
SET transaction_timeout = 0;
SET client_encoding = 'UTF8';
SET standard_conforming_strings = on;
SELECT pg_catalog.set_config('search_path', '', false);
SET check_function_bodies = false;
SET xmloption = content;
SET client_min_messages = warning;
SET row_security = off;

SET default_tablespace = '';

SET default_table_access_method = heap;

--
-- TOC entry 230 (class 1259 OID 23730)
-- Name: allergy; Type: TABLE; Schema: public; Owner: -
--

CREATE TABLE public.allergy (
    id bigint CONSTRAINT accounts_allergy_id_not_null NOT NULL,
    name character varying(255) CONSTRAINT accounts_allergy_name_not_null NOT NULL
);


--
-- TOC entry 229 (class 1259 OID 23729)
-- Name: accounts_allergy_id_seq; Type: SEQUENCE; Schema: public; Owner: -
--

ALTER TABLE public.allergy ALTER COLUMN id ADD GENERATED BY DEFAULT AS IDENTITY (
    SEQUENCE NAME public.accounts_allergy_id_seq
    START WITH 1
    INCREMENT BY 1
    NO MINVALUE
    NO MAXVALUE
    CACHE 1
);


--
-- TOC entry 232 (class 1259 OID 23738)
-- Name: diet_type; Type: TABLE; Schema: public; Owner: -
--

CREATE TABLE public.diet_type (
    id bigint CONSTRAINT accounts_diettype_id_not_null NOT NULL,
    name character varying(255) CONSTRAINT accounts_diettype_name_not_null NOT NULL
);


--
-- TOC entry 231 (class 1259 OID 23737)
-- Name: accounts_diettype_id_seq; Type: SEQUENCE; Schema: public; Owner: -
--

ALTER TABLE public.diet_type ALTER COLUMN id ADD GENERATED BY DEFAULT AS IDENTITY (
    SEQUENCE NAME public.accounts_diettype_id_seq
    START WITH 1
    INCREMENT BY 1
    NO MINVALUE
    NO MAXVALUE
    CACHE 1
);


--
-- TOC entry 242 (class 1259 OID 23794)
-- Name: user_allergies; Type: TABLE; Schema: public; Owner: -
--

CREATE TABLE public.user_allergies (
    id bigint CONSTRAINT accounts_user_allergies_id_not_null NOT NULL,
    user_id bigint CONSTRAINT accounts_user_allergies_user_id_not_null NOT NULL,
    allergy_id bigint CONSTRAINT accounts_user_allergies_allergy_id_not_null NOT NULL
);


--
-- TOC entry 241 (class 1259 OID 23793)
-- Name: accounts_user_allergies_id_seq; Type: SEQUENCE; Schema: public; Owner: -
--

ALTER TABLE public.user_allergies ALTER COLUMN id ADD GENERATED BY DEFAULT AS IDENTITY (
    SEQUENCE NAME public.accounts_user_allergies_id_seq
    START WITH 1
    INCREMENT BY 1
    NO MINVALUE
    NO MAXVALUE
    CACHE 1
);


--
-- TOC entry 244 (class 1259 OID 23803)
-- Name: user_diet_types; Type: TABLE; Schema: public; Owner: -
--

CREATE TABLE public.user_diet_types (
    id bigint CONSTRAINT accounts_user_diet_types_id_not_null NOT NULL,
    user_id bigint CONSTRAINT accounts_user_diet_types_user_id_not_null NOT NULL,
    diettype_id bigint CONSTRAINT accounts_user_diet_types_diettype_id_not_null NOT NULL
);


--
-- TOC entry 243 (class 1259 OID 23802)
-- Name: accounts_user_diet_types_id_seq; Type: SEQUENCE; Schema: public; Owner: -
--

ALTER TABLE public.user_diet_types ALTER COLUMN id ADD GENERATED BY DEFAULT AS IDENTITY (
    SEQUENCE NAME public.accounts_user_diet_types_id_seq
    START WITH 1
    INCREMENT BY 1
    NO MINVALUE
    NO MAXVALUE
    CACHE 1
);


--
-- TOC entry 238 (class 1259 OID 23776)
-- Name: user_groups; Type: TABLE; Schema: public; Owner: -
--

CREATE TABLE public.user_groups (
    id bigint CONSTRAINT accounts_user_groups_id_not_null NOT NULL,
    user_id bigint CONSTRAINT accounts_user_groups_user_id_not_null NOT NULL,
    group_id integer CONSTRAINT accounts_user_groups_group_id_not_null NOT NULL
);


--
-- TOC entry 237 (class 1259 OID 23775)
-- Name: accounts_user_groups_id_seq; Type: SEQUENCE; Schema: public; Owner: -
--

ALTER TABLE public.user_groups ALTER COLUMN id ADD GENERATED BY DEFAULT AS IDENTITY (
    SEQUENCE NAME public.accounts_user_groups_id_seq
    START WITH 1
    INCREMENT BY 1
    NO MINVALUE
    NO MAXVALUE
    CACHE 1
);


--
-- TOC entry 236 (class 1259 OID 23754)
-- Name: user; Type: TABLE; Schema: public; Owner: -
--

CREATE TABLE public."user" (
    id bigint CONSTRAINT accounts_user_id_not_null NOT NULL,
    password character varying(128) CONSTRAINT accounts_user_password_not_null NOT NULL,
    last_login timestamp with time zone,
    is_superuser boolean CONSTRAINT accounts_user_is_superuser_not_null NOT NULL,
    username character varying(150) CONSTRAINT accounts_user_username_not_null NOT NULL,
    first_name character varying(150) CONSTRAINT accounts_user_first_name_not_null NOT NULL,
    last_name character varying(150) CONSTRAINT accounts_user_last_name_not_null NOT NULL,
    is_staff boolean CONSTRAINT accounts_user_is_staff_not_null NOT NULL,
    is_active boolean CONSTRAINT accounts_user_is_active_not_null NOT NULL,
    date_joined timestamp with time zone CONSTRAINT accounts_user_date_joined_not_null NOT NULL,
    email character varying(255) CONSTRAINT accounts_user_email_not_null NOT NULL,
    portion_size integer CONSTRAINT accounts_user_portion_size_not_null NOT NULL,
    created_at timestamp with time zone CONSTRAINT accounts_user_created_at_not_null NOT NULL
);


--
-- TOC entry 235 (class 1259 OID 23753)
-- Name: accounts_user_id_seq; Type: SEQUENCE; Schema: public; Owner: -
--

ALTER TABLE public."user" ALTER COLUMN id ADD GENERATED BY DEFAULT AS IDENTITY (
    SEQUENCE NAME public.accounts_user_id_seq
    START WITH 1
    INCREMENT BY 1
    NO MINVALUE
    NO MAXVALUE
    CACHE 1
);


--
-- TOC entry 240 (class 1259 OID 23785)
-- Name: user_user_permissions; Type: TABLE; Schema: public; Owner: -
--

CREATE TABLE public.user_user_permissions (
    id bigint CONSTRAINT accounts_user_user_permissions_id_not_null NOT NULL,
    user_id bigint CONSTRAINT accounts_user_user_permissions_user_id_not_null NOT NULL,
    permission_id integer CONSTRAINT accounts_user_user_permissions_permission_id_not_null NOT NULL
);


--
-- TOC entry 239 (class 1259 OID 23784)
-- Name: accounts_user_user_permissions_id_seq; Type: SEQUENCE; Schema: public; Owner: -
--

ALTER TABLE public.user_user_permissions ALTER COLUMN id ADD GENERATED BY DEFAULT AS IDENTITY (
    SEQUENCE NAME public.accounts_user_user_permissions_id_seq
    START WITH 1
    INCREMENT BY 1
    NO MINVALUE
    NO MAXVALUE
    CACHE 1
);


--
-- TOC entry 234 (class 1259 OID 23746)
-- Name: user_favorite; Type: TABLE; Schema: public; Owner: -
--

CREATE TABLE public.user_favorite (
    id bigint CONSTRAINT accounts_userfavorite_id_not_null NOT NULL,
    created_at timestamp with time zone CONSTRAINT accounts_userfavorite_created_at_not_null NOT NULL,
    recipe_id bigint CONSTRAINT accounts_userfavorite_recipe_id_not_null NOT NULL,
    user_id bigint CONSTRAINT accounts_userfavorite_user_id_not_null NOT NULL
);


--
-- TOC entry 233 (class 1259 OID 23745)
-- Name: accounts_userfavorite_id_seq; Type: SEQUENCE; Schema: public; Owner: -
--

ALTER TABLE public.user_favorite ALTER COLUMN id ADD GENERATED BY DEFAULT AS IDENTITY (
    SEQUENCE NAME public.accounts_userfavorite_id_seq
    START WITH 1
    INCREMENT BY 1
    NO MINVALUE
    NO MAXVALUE
    CACHE 1
);


--
-- TOC entry 226 (class 1259 OID 23683)
-- Name: auth_group; Type: TABLE; Schema: public; Owner: -
--

CREATE TABLE public.auth_group (
    id integer NOT NULL,
    name character varying(150) NOT NULL
);


--
-- TOC entry 225 (class 1259 OID 23682)
-- Name: auth_group_id_seq; Type: SEQUENCE; Schema: public; Owner: -
--

ALTER TABLE public.auth_group ALTER COLUMN id ADD GENERATED BY DEFAULT AS IDENTITY (
    SEQUENCE NAME public.auth_group_id_seq
    START WITH 1
    INCREMENT BY 1
    NO MINVALUE
    NO MAXVALUE
    CACHE 1
);


--
-- TOC entry 228 (class 1259 OID 23693)
-- Name: auth_group_permissions; Type: TABLE; Schema: public; Owner: -
--

CREATE TABLE public.auth_group_permissions (
    id bigint NOT NULL,
    group_id integer NOT NULL,
    permission_id integer NOT NULL
);


--
-- TOC entry 227 (class 1259 OID 23692)
-- Name: auth_group_permissions_id_seq; Type: SEQUENCE; Schema: public; Owner: -
--

ALTER TABLE public.auth_group_permissions ALTER COLUMN id ADD GENERATED BY DEFAULT AS IDENTITY (
    SEQUENCE NAME public.auth_group_permissions_id_seq
    START WITH 1
    INCREMENT BY 1
    NO MINVALUE
    NO MAXVALUE
    CACHE 1
);


--
-- TOC entry 224 (class 1259 OID 23673)
-- Name: auth_permission; Type: TABLE; Schema: public; Owner: -
--

CREATE TABLE public.auth_permission (
    id integer NOT NULL,
    name character varying(255) NOT NULL,
    content_type_id integer NOT NULL,
    codename character varying(100) NOT NULL
);


--
-- TOC entry 223 (class 1259 OID 23672)
-- Name: auth_permission_id_seq; Type: SEQUENCE; Schema: public; Owner: -
--

ALTER TABLE public.auth_permission ALTER COLUMN id ADD GENERATED BY DEFAULT AS IDENTITY (
    SEQUENCE NAME public.auth_permission_id_seq
    START WITH 1
    INCREMENT BY 1
    NO MINVALUE
    NO MAXVALUE
    CACHE 1
);


--
-- TOC entry 262 (class 1259 OID 24074)
-- Name: cart_item; Type: TABLE; Schema: public; Owner: -
--

CREATE TABLE public.cart_item (
    id bigint CONSTRAINT cart_cartitem_id_not_null NOT NULL,
    total_amount numeric(8,2) CONSTRAINT cart_cartitem_total_amount_not_null NOT NULL,
    is_checked boolean CONSTRAINT cart_cartitem_is_checked_not_null NOT NULL,
    ingredient_id bigint CONSTRAINT cart_cartitem_ingredient_id_not_null NOT NULL,
    unit_id bigint CONSTRAINT cart_cartitem_unit_id_not_null NOT NULL,
    user_id bigint CONSTRAINT cart_cartitem_user_id_not_null NOT NULL
);


--
-- TOC entry 261 (class 1259 OID 24073)
-- Name: cart_cartitem_id_seq; Type: SEQUENCE; Schema: public; Owner: -
--

ALTER TABLE public.cart_item ALTER COLUMN id ADD GENERATED BY DEFAULT AS IDENTITY (
    SEQUENCE NAME public.cart_cartitem_id_seq
    START WITH 1
    INCREMENT BY 1
    NO MINVALUE
    NO MAXVALUE
    CACHE 1
);


--
-- TOC entry 260 (class 1259 OID 24047)
-- Name: django_admin_log; Type: TABLE; Schema: public; Owner: -
--

CREATE TABLE public.django_admin_log (
    id integer NOT NULL,
    action_time timestamp with time zone NOT NULL,
    object_id text,
    object_repr character varying(200) NOT NULL,
    action_flag smallint NOT NULL,
    change_message text NOT NULL,
    content_type_id integer,
    user_id bigint NOT NULL,
    CONSTRAINT django_admin_log_action_flag_check CHECK ((action_flag >= 0))
);


--
-- TOC entry 259 (class 1259 OID 24046)
-- Name: django_admin_log_id_seq; Type: SEQUENCE; Schema: public; Owner: -
--

ALTER TABLE public.django_admin_log ALTER COLUMN id ADD GENERATED BY DEFAULT AS IDENTITY (
    SEQUENCE NAME public.django_admin_log_id_seq
    START WITH 1
    INCREMENT BY 1
    NO MINVALUE
    NO MAXVALUE
    CACHE 1
);


--
-- TOC entry 222 (class 1259 OID 23661)
-- Name: django_content_type; Type: TABLE; Schema: public; Owner: -
--

CREATE TABLE public.django_content_type (
    id integer NOT NULL,
    app_label character varying(100) NOT NULL,
    model character varying(100) NOT NULL
);


--
-- TOC entry 221 (class 1259 OID 23660)
-- Name: django_content_type_id_seq; Type: SEQUENCE; Schema: public; Owner: -
--

ALTER TABLE public.django_content_type ALTER COLUMN id ADD GENERATED BY DEFAULT AS IDENTITY (
    SEQUENCE NAME public.django_content_type_id_seq
    START WITH 1
    INCREMENT BY 1
    NO MINVALUE
    NO MAXVALUE
    CACHE 1
);


--
-- TOC entry 220 (class 1259 OID 23649)
-- Name: django_migrations; Type: TABLE; Schema: public; Owner: -
--

CREATE TABLE public.django_migrations (
    id bigint NOT NULL,
    app character varying(255) NOT NULL,
    name character varying(255) NOT NULL,
    applied timestamp with time zone NOT NULL
);


--
-- TOC entry 219 (class 1259 OID 23648)
-- Name: django_migrations_id_seq; Type: SEQUENCE; Schema: public; Owner: -
--

ALTER TABLE public.django_migrations ALTER COLUMN id ADD GENERATED BY DEFAULT AS IDENTITY (
    SEQUENCE NAME public.django_migrations_id_seq
    START WITH 1
    INCREMENT BY 1
    NO MINVALUE
    NO MAXVALUE
    CACHE 1
);


--
-- TOC entry 267 (class 1259 OID 24147)
-- Name: django_session; Type: TABLE; Schema: public; Owner: -
--

CREATE TABLE public.django_session (
    session_key character varying(40) NOT NULL,
    session_data text NOT NULL,
    expire_date timestamp with time zone NOT NULL
);


--
-- TOC entry 250 (class 1259 OID 23886)
-- Name: ingredient; Type: TABLE; Schema: public; Owner: -
--

CREATE TABLE public.ingredient (
    id bigint CONSTRAINT recipes_ingredient_id_not_null NOT NULL,
    name character varying(255) CONSTRAINT recipes_ingredient_name_not_null NOT NULL,
    category_id bigint CONSTRAINT recipes_ingredient_category_id_not_null NOT NULL,
    unit_id bigint CONSTRAINT recipes_ingredient_unit_id_not_null NOT NULL
);


--
-- TOC entry 246 (class 1259 OID 23870)
-- Name: ingredient_category; Type: TABLE; Schema: public; Owner: -
--

CREATE TABLE public.ingredient_category (
    id bigint CONSTRAINT recipes_ingredientcategory_id_not_null NOT NULL,
    name character varying(100) CONSTRAINT recipes_ingredientcategory_name_not_null NOT NULL
);


--
-- TOC entry 264 (class 1259 OID 24109)
-- Name: menu; Type: TABLE; Schema: public; Owner: -
--

CREATE TABLE public.menu (
    id bigint CONSTRAINT menus_menu_id_not_null NOT NULL,
    period character varying(20) CONSTRAINT menus_menu_period_not_null NOT NULL,
    start_date date CONSTRAINT menus_menu_start_date_not_null NOT NULL,
    user_id bigint CONSTRAINT menus_menu_user_id_not_null NOT NULL
);


--
-- TOC entry 266 (class 1259 OID 24119)
-- Name: menu_item; Type: TABLE; Schema: public; Owner: -
--

CREATE TABLE public.menu_item (
    id bigint CONSTRAINT menus_menuitem_id_not_null NOT NULL,
    day date CONSTRAINT menus_menuitem_day_not_null NOT NULL,
    meal_type character varying(50) CONSTRAINT menus_menuitem_meal_type_not_null NOT NULL,
    menu_id bigint CONSTRAINT menus_menuitem_menu_id_not_null NOT NULL,
    recipe_id bigint CONSTRAINT menus_menuitem_recipe_id_not_null NOT NULL
);


--
-- TOC entry 263 (class 1259 OID 24108)
-- Name: menus_menu_id_seq; Type: SEQUENCE; Schema: public; Owner: -
--

ALTER TABLE public.menu ALTER COLUMN id ADD GENERATED BY DEFAULT AS IDENTITY (
    SEQUENCE NAME public.menus_menu_id_seq
    START WITH 1
    INCREMENT BY 1
    NO MINVALUE
    NO MAXVALUE
    CACHE 1
);


--
-- TOC entry 265 (class 1259 OID 24118)
-- Name: menus_menuitem_id_seq; Type: SEQUENCE; Schema: public; Owner: -
--

ALTER TABLE public.menu_item ALTER COLUMN id ADD GENERATED BY DEFAULT AS IDENTITY (
    SEQUENCE NAME public.menus_menuitem_id_seq
    START WITH 1
    INCREMENT BY 1
    NO MINVALUE
    NO MAXVALUE
    CACHE 1
);


--
-- TOC entry 252 (class 1259 OID 23894)
-- Name: recipe; Type: TABLE; Schema: public; Owner: -
--

CREATE TABLE public.recipe (
    id bigint CONSTRAINT recipes_recipe_id_not_null NOT NULL,
    title character varying(255) CONSTRAINT recipes_recipe_title_not_null NOT NULL,
    image_url character varying(255),
    cook_time integer CONSTRAINT recipes_recipe_cook_time_not_null NOT NULL,
    servings integer CONSTRAINT recipes_recipe_servings_not_null NOT NULL,
    calories integer CONSTRAINT recipes_recipe_calories_not_null NOT NULL,
    protein numeric(5,1) CONSTRAINT recipes_recipe_protein_not_null NOT NULL,
    fat numeric(5,1) CONSTRAINT recipes_recipe_fat_not_null NOT NULL,
    carbs numeric(5,1) CONSTRAINT recipes_recipe_carbs_not_null NOT NULL
);


--
-- TOC entry 254 (class 1259 OID 23910)
-- Name: recipe_diet_types; Type: TABLE; Schema: public; Owner: -
--

CREATE TABLE public.recipe_diet_types (
    id bigint CONSTRAINT recipes_recipe_diet_types_id_not_null NOT NULL,
    recipe_id bigint CONSTRAINT recipes_recipe_diet_types_recipe_id_not_null NOT NULL,
    diettype_id bigint CONSTRAINT recipes_recipe_diet_types_diettype_id_not_null NOT NULL
);


--
-- TOC entry 258 (class 1259 OID 23931)
-- Name: recipe_ingredient; Type: TABLE; Schema: public; Owner: -
--

CREATE TABLE public.recipe_ingredient (
    id bigint CONSTRAINT recipes_recipeingredient_id_not_null NOT NULL,
    amount numeric(8,2) CONSTRAINT recipes_recipeingredient_amount_not_null NOT NULL,
    ingredient_id bigint CONSTRAINT recipes_recipeingredient_ingredient_id_not_null NOT NULL,
    recipe_id bigint CONSTRAINT recipes_recipeingredient_recipe_id_not_null NOT NULL,
    unit_id bigint CONSTRAINT recipes_recipeingredient_unit_id_not_null NOT NULL
);


--
-- TOC entry 256 (class 1259 OID 23919)
-- Name: recipe_step; Type: TABLE; Schema: public; Owner: -
--

CREATE TABLE public.recipe_step (
    id bigint CONSTRAINT recipes_recipestep_id_not_null NOT NULL,
    step_number integer CONSTRAINT recipes_recipestep_step_number_not_null NOT NULL,
    description text CONSTRAINT recipes_recipestep_description_not_null NOT NULL,
    image_url character varying(255),
    recipe_id bigint CONSTRAINT recipes_recipestep_recipe_id_not_null NOT NULL
);


--
-- TOC entry 249 (class 1259 OID 23885)
-- Name: recipes_ingredient_id_seq; Type: SEQUENCE; Schema: public; Owner: -
--

ALTER TABLE public.ingredient ALTER COLUMN id ADD GENERATED BY DEFAULT AS IDENTITY (
    SEQUENCE NAME public.recipes_ingredient_id_seq
    START WITH 1
    INCREMENT BY 1
    NO MINVALUE
    NO MAXVALUE
    CACHE 1
);


--
-- TOC entry 245 (class 1259 OID 23869)
-- Name: recipes_ingredientcategory_id_seq; Type: SEQUENCE; Schema: public; Owner: -
--

ALTER TABLE public.ingredient_category ALTER COLUMN id ADD GENERATED BY DEFAULT AS IDENTITY (
    SEQUENCE NAME public.recipes_ingredientcategory_id_seq
    START WITH 1
    INCREMENT BY 1
    NO MINVALUE
    NO MAXVALUE
    CACHE 1
);


--
-- TOC entry 253 (class 1259 OID 23909)
-- Name: recipes_recipe_diet_types_id_seq; Type: SEQUENCE; Schema: public; Owner: -
--

ALTER TABLE public.recipe_diet_types ALTER COLUMN id ADD GENERATED BY DEFAULT AS IDENTITY (
    SEQUENCE NAME public.recipes_recipe_diet_types_id_seq
    START WITH 1
    INCREMENT BY 1
    NO MINVALUE
    NO MAXVALUE
    CACHE 1
);


--
-- TOC entry 251 (class 1259 OID 23893)
-- Name: recipes_recipe_id_seq; Type: SEQUENCE; Schema: public; Owner: -
--

ALTER TABLE public.recipe ALTER COLUMN id ADD GENERATED BY DEFAULT AS IDENTITY (
    SEQUENCE NAME public.recipes_recipe_id_seq
    START WITH 1
    INCREMENT BY 1
    NO MINVALUE
    NO MAXVALUE
    CACHE 1
);


--
-- TOC entry 257 (class 1259 OID 23930)
-- Name: recipes_recipeingredient_id_seq; Type: SEQUENCE; Schema: public; Owner: -
--

ALTER TABLE public.recipe_ingredient ALTER COLUMN id ADD GENERATED BY DEFAULT AS IDENTITY (
    SEQUENCE NAME public.recipes_recipeingredient_id_seq
    START WITH 1
    INCREMENT BY 1
    NO MINVALUE
    NO MAXVALUE
    CACHE 1
);


--
-- TOC entry 255 (class 1259 OID 23918)
-- Name: recipes_recipestep_id_seq; Type: SEQUENCE; Schema: public; Owner: -
--

ALTER TABLE public.recipe_step ALTER COLUMN id ADD GENERATED BY DEFAULT AS IDENTITY (
    SEQUENCE NAME public.recipes_recipestep_id_seq
    START WITH 1
    INCREMENT BY 1
    NO MINVALUE
    NO MAXVALUE
    CACHE 1
);


--
-- TOC entry 248 (class 1259 OID 23878)
-- Name: unit; Type: TABLE; Schema: public; Owner: -
--

CREATE TABLE public.unit (
    id bigint CONSTRAINT recipes_unit_id_not_null NOT NULL,
    name character varying(100) CONSTRAINT recipes_unit_name_not_null NOT NULL
);


--
-- TOC entry 247 (class 1259 OID 23877)
-- Name: recipes_unit_id_seq; Type: SEQUENCE; Schema: public; Owner: -
--

ALTER TABLE public.unit ALTER COLUMN id ADD GENERATED BY DEFAULT AS IDENTITY (
    SEQUENCE NAME public.recipes_unit_id_seq
    START WITH 1
    INCREMENT BY 1
    NO MINVALUE
    NO MAXVALUE
    CACHE 1
);


--
-- TOC entry 5188 (class 0 OID 23730)
-- Dependencies: 230
-- Data for Name: allergy; Type: TABLE DATA; Schema: public; Owner: -
--



--
-- TOC entry 5184 (class 0 OID 23683)
-- Dependencies: 226
-- Data for Name: auth_group; Type: TABLE DATA; Schema: public; Owner: -
--



--
-- TOC entry 5186 (class 0 OID 23693)
-- Dependencies: 228
-- Data for Name: auth_group_permissions; Type: TABLE DATA; Schema: public; Owner: -
--



--
-- TOC entry 5182 (class 0 OID 23673)
-- Dependencies: 224
-- Data for Name: auth_permission; Type: TABLE DATA; Schema: public; Owner: -
--

INSERT INTO public.auth_permission VALUES (1, 'Can add log entry', 1, 'add_logentry');
INSERT INTO public.auth_permission VALUES (2, 'Can change log entry', 1, 'change_logentry');
INSERT INTO public.auth_permission VALUES (3, 'Can delete log entry', 1, 'delete_logentry');
INSERT INTO public.auth_permission VALUES (4, 'Can view log entry', 1, 'view_logentry');
INSERT INTO public.auth_permission VALUES (5, 'Can add permission', 3, 'add_permission');
INSERT INTO public.auth_permission VALUES (6, 'Can change permission', 3, 'change_permission');
INSERT INTO public.auth_permission VALUES (7, 'Can delete permission', 3, 'delete_permission');
INSERT INTO public.auth_permission VALUES (8, 'Can view permission', 3, 'view_permission');
INSERT INTO public.auth_permission VALUES (9, 'Can add group', 2, 'add_group');
INSERT INTO public.auth_permission VALUES (10, 'Can change group', 2, 'change_group');
INSERT INTO public.auth_permission VALUES (11, 'Can delete group', 2, 'delete_group');
INSERT INTO public.auth_permission VALUES (12, 'Can view group', 2, 'view_group');
INSERT INTO public.auth_permission VALUES (13, 'Can add content type', 4, 'add_contenttype');
INSERT INTO public.auth_permission VALUES (14, 'Can change content type', 4, 'change_contenttype');
INSERT INTO public.auth_permission VALUES (15, 'Can delete content type', 4, 'delete_contenttype');
INSERT INTO public.auth_permission VALUES (16, 'Can view content type', 4, 'view_contenttype');
INSERT INTO public.auth_permission VALUES (17, 'Can add session', 5, 'add_session');
INSERT INTO public.auth_permission VALUES (18, 'Can change session', 5, 'change_session');
INSERT INTO public.auth_permission VALUES (19, 'Can delete session', 5, 'delete_session');
INSERT INTO public.auth_permission VALUES (20, 'Can view session', 5, 'view_session');
INSERT INTO public.auth_permission VALUES (21, 'Can add allergy', 6, 'add_allergy');
INSERT INTO public.auth_permission VALUES (22, 'Can change allergy', 6, 'change_allergy');
INSERT INTO public.auth_permission VALUES (23, 'Can delete allergy', 6, 'delete_allergy');
INSERT INTO public.auth_permission VALUES (24, 'Can view allergy', 6, 'view_allergy');
INSERT INTO public.auth_permission VALUES (25, 'Can add diet type', 7, 'add_diettype');
INSERT INTO public.auth_permission VALUES (26, 'Can change diet type', 7, 'change_diettype');
INSERT INTO public.auth_permission VALUES (27, 'Can delete diet type', 7, 'delete_diettype');
INSERT INTO public.auth_permission VALUES (28, 'Can view diet type', 7, 'view_diettype');
INSERT INTO public.auth_permission VALUES (29, 'Can add user favorite', 9, 'add_userfavorite');
INSERT INTO public.auth_permission VALUES (30, 'Can change user favorite', 9, 'change_userfavorite');
INSERT INTO public.auth_permission VALUES (31, 'Can delete user favorite', 9, 'delete_userfavorite');
INSERT INTO public.auth_permission VALUES (32, 'Can view user favorite', 9, 'view_userfavorite');
INSERT INTO public.auth_permission VALUES (33, 'Can add user', 8, 'add_user');
INSERT INTO public.auth_permission VALUES (34, 'Can change user', 8, 'change_user');
INSERT INTO public.auth_permission VALUES (35, 'Can delete user', 8, 'delete_user');
INSERT INTO public.auth_permission VALUES (36, 'Can view user', 8, 'view_user');
INSERT INTO public.auth_permission VALUES (37, 'Can add ingredient category', 11, 'add_ingredientcategory');
INSERT INTO public.auth_permission VALUES (38, 'Can change ingredient category', 11, 'change_ingredientcategory');
INSERT INTO public.auth_permission VALUES (39, 'Can delete ingredient category', 11, 'delete_ingredientcategory');
INSERT INTO public.auth_permission VALUES (40, 'Can view ingredient category', 11, 'view_ingredientcategory');
INSERT INTO public.auth_permission VALUES (41, 'Can add unit', 15, 'add_unit');
INSERT INTO public.auth_permission VALUES (42, 'Can change unit', 15, 'change_unit');
INSERT INTO public.auth_permission VALUES (43, 'Can delete unit', 15, 'delete_unit');
INSERT INTO public.auth_permission VALUES (44, 'Can view unit', 15, 'view_unit');
INSERT INTO public.auth_permission VALUES (45, 'Can add ingredient', 10, 'add_ingredient');
INSERT INTO public.auth_permission VALUES (46, 'Can change ingredient', 10, 'change_ingredient');
INSERT INTO public.auth_permission VALUES (47, 'Can delete ingredient', 10, 'delete_ingredient');
INSERT INTO public.auth_permission VALUES (48, 'Can view ingredient', 10, 'view_ingredient');
INSERT INTO public.auth_permission VALUES (49, 'Can add recipe', 12, 'add_recipe');
INSERT INTO public.auth_permission VALUES (50, 'Can change recipe', 12, 'change_recipe');
INSERT INTO public.auth_permission VALUES (51, 'Can delete recipe', 12, 'delete_recipe');
INSERT INTO public.auth_permission VALUES (52, 'Can view recipe', 12, 'view_recipe');
INSERT INTO public.auth_permission VALUES (53, 'Can add recipe step', 14, 'add_recipestep');
INSERT INTO public.auth_permission VALUES (54, 'Can change recipe step', 14, 'change_recipestep');
INSERT INTO public.auth_permission VALUES (55, 'Can delete recipe step', 14, 'delete_recipestep');
INSERT INTO public.auth_permission VALUES (56, 'Can view recipe step', 14, 'view_recipestep');
INSERT INTO public.auth_permission VALUES (57, 'Can add recipe ingredient', 13, 'add_recipeingredient');
INSERT INTO public.auth_permission VALUES (58, 'Can change recipe ingredient', 13, 'change_recipeingredient');
INSERT INTO public.auth_permission VALUES (59, 'Can delete recipe ingredient', 13, 'delete_recipeingredient');
INSERT INTO public.auth_permission VALUES (60, 'Can view recipe ingredient', 13, 'view_recipeingredient');
INSERT INTO public.auth_permission VALUES (61, 'Can add menu', 16, 'add_menu');
INSERT INTO public.auth_permission VALUES (62, 'Can change menu', 16, 'change_menu');
INSERT INTO public.auth_permission VALUES (63, 'Can delete menu', 16, 'delete_menu');
INSERT INTO public.auth_permission VALUES (64, 'Can view menu', 16, 'view_menu');
INSERT INTO public.auth_permission VALUES (65, 'Can add menu item', 17, 'add_menuitem');
INSERT INTO public.auth_permission VALUES (66, 'Can change menu item', 17, 'change_menuitem');
INSERT INTO public.auth_permission VALUES (67, 'Can delete menu item', 17, 'delete_menuitem');
INSERT INTO public.auth_permission VALUES (68, 'Can view menu item', 17, 'view_menuitem');
INSERT INTO public.auth_permission VALUES (69, 'Can add cart item', 18, 'add_cartitem');
INSERT INTO public.auth_permission VALUES (70, 'Can change cart item', 18, 'change_cartitem');
INSERT INTO public.auth_permission VALUES (71, 'Can delete cart item', 18, 'delete_cartitem');
INSERT INTO public.auth_permission VALUES (72, 'Can view cart item', 18, 'view_cartitem');


--
-- TOC entry 5220 (class 0 OID 24074)
-- Dependencies: 262
-- Data for Name: cart_item; Type: TABLE DATA; Schema: public; Owner: -
--



--
-- TOC entry 5190 (class 0 OID 23738)
-- Dependencies: 232
-- Data for Name: diet_type; Type: TABLE DATA; Schema: public; Owner: -
--



--
-- TOC entry 5218 (class 0 OID 24047)
-- Dependencies: 260
-- Data for Name: django_admin_log; Type: TABLE DATA; Schema: public; Owner: -
--



--
-- TOC entry 5180 (class 0 OID 23661)
-- Dependencies: 222
-- Data for Name: django_content_type; Type: TABLE DATA; Schema: public; Owner: -
--

INSERT INTO public.django_content_type VALUES (1, 'admin', 'logentry');
INSERT INTO public.django_content_type VALUES (2, 'auth', 'group');
INSERT INTO public.django_content_type VALUES (3, 'auth', 'permission');
INSERT INTO public.django_content_type VALUES (4, 'contenttypes', 'contenttype');
INSERT INTO public.django_content_type VALUES (5, 'sessions', 'session');
INSERT INTO public.django_content_type VALUES (6, 'accounts', 'allergy');
INSERT INTO public.django_content_type VALUES (7, 'accounts', 'diettype');
INSERT INTO public.django_content_type VALUES (8, 'accounts', 'user');
INSERT INTO public.django_content_type VALUES (9, 'accounts', 'userfavorite');
INSERT INTO public.django_content_type VALUES (10, 'recipes', 'ingredient');
INSERT INTO public.django_content_type VALUES (11, 'recipes', 'ingredientcategory');
INSERT INTO public.django_content_type VALUES (12, 'recipes', 'recipe');
INSERT INTO public.django_content_type VALUES (13, 'recipes', 'recipeingredient');
INSERT INTO public.django_content_type VALUES (14, 'recipes', 'recipestep');
INSERT INTO public.django_content_type VALUES (15, 'recipes', 'unit');
INSERT INTO public.django_content_type VALUES (16, 'menus', 'menu');
INSERT INTO public.django_content_type VALUES (17, 'menus', 'menuitem');
INSERT INTO public.django_content_type VALUES (18, 'cart', 'cartitem');


--
-- TOC entry 5178 (class 0 OID 23649)
-- Dependencies: 220
-- Data for Name: django_migrations; Type: TABLE DATA; Schema: public; Owner: -
--

INSERT INTO public.django_migrations VALUES (1, 'contenttypes', '0001_initial', '2026-03-07 19:28:08.909811+03');
INSERT INTO public.django_migrations VALUES (2, 'contenttypes', '0002_remove_content_type_name', '2026-03-07 19:28:08.915566+03');
INSERT INTO public.django_migrations VALUES (3, 'auth', '0001_initial', '2026-03-07 19:28:08.950867+03');
INSERT INTO public.django_migrations VALUES (4, 'auth', '0002_alter_permission_name_max_length', '2026-03-07 19:28:08.955181+03');
INSERT INTO public.django_migrations VALUES (5, 'auth', '0003_alter_user_email_max_length', '2026-03-07 19:28:08.9593+03');
INSERT INTO public.django_migrations VALUES (6, 'auth', '0004_alter_user_username_opts', '2026-03-07 19:28:08.964676+03');
INSERT INTO public.django_migrations VALUES (7, 'auth', '0005_alter_user_last_login_null', '2026-03-07 19:28:08.969982+03');
INSERT INTO public.django_migrations VALUES (8, 'auth', '0006_require_contenttypes_0002', '2026-03-07 19:28:08.971689+03');
INSERT INTO public.django_migrations VALUES (9, 'auth', '0007_alter_validators_add_error_messages', '2026-03-07 19:28:08.976244+03');
INSERT INTO public.django_migrations VALUES (10, 'auth', '0008_alter_user_username_max_length', '2026-03-07 19:28:08.980963+03');
INSERT INTO public.django_migrations VALUES (11, 'auth', '0009_alter_user_last_name_max_length', '2026-03-07 19:28:08.985565+03');
INSERT INTO public.django_migrations VALUES (12, 'auth', '0010_alter_group_name_max_length', '2026-03-07 19:28:08.994381+03');
INSERT INTO public.django_migrations VALUES (13, 'auth', '0011_update_proxy_permissions', '2026-03-07 19:28:08.999722+03');
INSERT INTO public.django_migrations VALUES (14, 'auth', '0012_alter_user_first_name_max_length', '2026-03-07 19:28:09.005089+03');
INSERT INTO public.django_migrations VALUES (15, 'accounts', '0001_initial', '2026-03-07 19:28:09.069821+03');
INSERT INTO public.django_migrations VALUES (16, 'recipes', '0001_initial', '2026-03-07 19:28:09.14258+03');
INSERT INTO public.django_migrations VALUES (17, 'recipes', '0002_alter_ingredient_category_alter_ingredient_unit_and_more', '2026-03-07 19:28:09.243376+03');
INSERT INTO public.django_migrations VALUES (18, 'accounts', '0002_initial', '2026-03-07 19:28:09.280061+03');
INSERT INTO public.django_migrations VALUES (19, 'accounts', '0003_alter_user_options_user_created_at_and_more', '2026-03-07 19:28:09.393344+03');
INSERT INTO public.django_migrations VALUES (20, 'admin', '0001_initial', '2026-03-07 19:28:09.415284+03');
INSERT INTO public.django_migrations VALUES (21, 'admin', '0002_logentry_remove_auto_add', '2026-03-07 19:28:09.426048+03');
INSERT INTO public.django_migrations VALUES (22, 'admin', '0003_logentry_add_action_flag_choices', '2026-03-07 19:28:09.436802+03');
INSERT INTO public.django_migrations VALUES (23, 'cart', '0001_initial', '2026-03-07 19:28:09.460582+03');
INSERT INTO public.django_migrations VALUES (24, 'cart', '0002_alter_cartitem_is_checked_alter_cartitem_unit_and_more', '2026-03-07 19:28:09.502531+03');
INSERT INTO public.django_migrations VALUES (25, 'menus', '0001_initial', '2026-03-07 19:28:09.543259+03');
INSERT INTO public.django_migrations VALUES (26, 'menus', '0002_alter_menu_period_alter_menuitem_meal_type_and_more', '2026-03-07 19:28:09.580797+03');
INSERT INTO public.django_migrations VALUES (27, 'sessions', '0001_initial', '2026-03-07 19:28:09.588654+03');


--
-- TOC entry 5225 (class 0 OID 24147)
-- Dependencies: 267
-- Data for Name: django_session; Type: TABLE DATA; Schema: public; Owner: -
--



--
-- TOC entry 5208 (class 0 OID 23886)
-- Dependencies: 250
-- Data for Name: ingredient; Type: TABLE DATA; Schema: public; Owner: -
--



--
-- TOC entry 5204 (class 0 OID 23870)
-- Dependencies: 246
-- Data for Name: ingredient_category; Type: TABLE DATA; Schema: public; Owner: -
--



--
-- TOC entry 5222 (class 0 OID 24109)
-- Dependencies: 264
-- Data for Name: menu; Type: TABLE DATA; Schema: public; Owner: -
--



--
-- TOC entry 5224 (class 0 OID 24119)
-- Dependencies: 266
-- Data for Name: menu_item; Type: TABLE DATA; Schema: public; Owner: -
--



--
-- TOC entry 5210 (class 0 OID 23894)
-- Dependencies: 252
-- Data for Name: recipe; Type: TABLE DATA; Schema: public; Owner: -
--



--
-- TOC entry 5212 (class 0 OID 23910)
-- Dependencies: 254
-- Data for Name: recipe_diet_types; Type: TABLE DATA; Schema: public; Owner: -
--



--
-- TOC entry 5216 (class 0 OID 23931)
-- Dependencies: 258
-- Data for Name: recipe_ingredient; Type: TABLE DATA; Schema: public; Owner: -
--



--
-- TOC entry 5214 (class 0 OID 23919)
-- Dependencies: 256
-- Data for Name: recipe_step; Type: TABLE DATA; Schema: public; Owner: -
--



--
-- TOC entry 5206 (class 0 OID 23878)
-- Dependencies: 248
-- Data for Name: unit; Type: TABLE DATA; Schema: public; Owner: -
--



--
-- TOC entry 5194 (class 0 OID 23754)
-- Dependencies: 236
-- Data for Name: user; Type: TABLE DATA; Schema: public; Owner: -
--



--
-- TOC entry 5200 (class 0 OID 23794)
-- Dependencies: 242
-- Data for Name: user_allergies; Type: TABLE DATA; Schema: public; Owner: -
--



--
-- TOC entry 5202 (class 0 OID 23803)
-- Dependencies: 244
-- Data for Name: user_diet_types; Type: TABLE DATA; Schema: public; Owner: -
--



--
-- TOC entry 5192 (class 0 OID 23746)
-- Dependencies: 234
-- Data for Name: user_favorite; Type: TABLE DATA; Schema: public; Owner: -
--



--
-- TOC entry 5196 (class 0 OID 23776)
-- Dependencies: 238
-- Data for Name: user_groups; Type: TABLE DATA; Schema: public; Owner: -
--



--
-- TOC entry 5198 (class 0 OID 23785)
-- Dependencies: 240
-- Data for Name: user_user_permissions; Type: TABLE DATA; Schema: public; Owner: -
--



--
-- TOC entry 5231 (class 0 OID 0)
-- Dependencies: 229
-- Name: accounts_allergy_id_seq; Type: SEQUENCE SET; Schema: public; Owner: -
--

SELECT pg_catalog.setval('public.accounts_allergy_id_seq', 1, false);


--
-- TOC entry 5232 (class 0 OID 0)
-- Dependencies: 231
-- Name: accounts_diettype_id_seq; Type: SEQUENCE SET; Schema: public; Owner: -
--

SELECT pg_catalog.setval('public.accounts_diettype_id_seq', 1, false);


--
-- TOC entry 5233 (class 0 OID 0)
-- Dependencies: 241
-- Name: accounts_user_allergies_id_seq; Type: SEQUENCE SET; Schema: public; Owner: -
--

SELECT pg_catalog.setval('public.accounts_user_allergies_id_seq', 1, false);


--
-- TOC entry 5234 (class 0 OID 0)
-- Dependencies: 243
-- Name: accounts_user_diet_types_id_seq; Type: SEQUENCE SET; Schema: public; Owner: -
--

SELECT pg_catalog.setval('public.accounts_user_diet_types_id_seq', 1, false);


--
-- TOC entry 5235 (class 0 OID 0)
-- Dependencies: 237
-- Name: accounts_user_groups_id_seq; Type: SEQUENCE SET; Schema: public; Owner: -
--

SELECT pg_catalog.setval('public.accounts_user_groups_id_seq', 1, false);


--
-- TOC entry 5236 (class 0 OID 0)
-- Dependencies: 235
-- Name: accounts_user_id_seq; Type: SEQUENCE SET; Schema: public; Owner: -
--

SELECT pg_catalog.setval('public.accounts_user_id_seq', 1, false);


--
-- TOC entry 5237 (class 0 OID 0)
-- Dependencies: 239
-- Name: accounts_user_user_permissions_id_seq; Type: SEQUENCE SET; Schema: public; Owner: -
--

SELECT pg_catalog.setval('public.accounts_user_user_permissions_id_seq', 1, false);


--
-- TOC entry 5238 (class 0 OID 0)
-- Dependencies: 233
-- Name: accounts_userfavorite_id_seq; Type: SEQUENCE SET; Schema: public; Owner: -
--

SELECT pg_catalog.setval('public.accounts_userfavorite_id_seq', 1, false);


--
-- TOC entry 5239 (class 0 OID 0)
-- Dependencies: 225
-- Name: auth_group_id_seq; Type: SEQUENCE SET; Schema: public; Owner: -
--

SELECT pg_catalog.setval('public.auth_group_id_seq', 1, false);


--
-- TOC entry 5240 (class 0 OID 0)
-- Dependencies: 227
-- Name: auth_group_permissions_id_seq; Type: SEQUENCE SET; Schema: public; Owner: -
--

SELECT pg_catalog.setval('public.auth_group_permissions_id_seq', 1, false);


--
-- TOC entry 5241 (class 0 OID 0)
-- Dependencies: 223
-- Name: auth_permission_id_seq; Type: SEQUENCE SET; Schema: public; Owner: -
--

SELECT pg_catalog.setval('public.auth_permission_id_seq', 72, true);


--
-- TOC entry 5242 (class 0 OID 0)
-- Dependencies: 261
-- Name: cart_cartitem_id_seq; Type: SEQUENCE SET; Schema: public; Owner: -
--

SELECT pg_catalog.setval('public.cart_cartitem_id_seq', 1, false);


--
-- TOC entry 5243 (class 0 OID 0)
-- Dependencies: 259
-- Name: django_admin_log_id_seq; Type: SEQUENCE SET; Schema: public; Owner: -
--

SELECT pg_catalog.setval('public.django_admin_log_id_seq', 1, false);


--
-- TOC entry 5244 (class 0 OID 0)
-- Dependencies: 221
-- Name: django_content_type_id_seq; Type: SEQUENCE SET; Schema: public; Owner: -
--

SELECT pg_catalog.setval('public.django_content_type_id_seq', 18, true);


--
-- TOC entry 5245 (class 0 OID 0)
-- Dependencies: 219
-- Name: django_migrations_id_seq; Type: SEQUENCE SET; Schema: public; Owner: -
--

SELECT pg_catalog.setval('public.django_migrations_id_seq', 27, true);


--
-- TOC entry 5246 (class 0 OID 0)
-- Dependencies: 263
-- Name: menus_menu_id_seq; Type: SEQUENCE SET; Schema: public; Owner: -
--

SELECT pg_catalog.setval('public.menus_menu_id_seq', 1, false);


--
-- TOC entry 5247 (class 0 OID 0)
-- Dependencies: 265
-- Name: menus_menuitem_id_seq; Type: SEQUENCE SET; Schema: public; Owner: -
--

SELECT pg_catalog.setval('public.menus_menuitem_id_seq', 1, false);


--
-- TOC entry 5248 (class 0 OID 0)
-- Dependencies: 249
-- Name: recipes_ingredient_id_seq; Type: SEQUENCE SET; Schema: public; Owner: -
--

SELECT pg_catalog.setval('public.recipes_ingredient_id_seq', 1, false);


--
-- TOC entry 5249 (class 0 OID 0)
-- Dependencies: 245
-- Name: recipes_ingredientcategory_id_seq; Type: SEQUENCE SET; Schema: public; Owner: -
--

SELECT pg_catalog.setval('public.recipes_ingredientcategory_id_seq', 1, false);


--
-- TOC entry 5250 (class 0 OID 0)
-- Dependencies: 253
-- Name: recipes_recipe_diet_types_id_seq; Type: SEQUENCE SET; Schema: public; Owner: -
--

SELECT pg_catalog.setval('public.recipes_recipe_diet_types_id_seq', 1, false);


--
-- TOC entry 5251 (class 0 OID 0)
-- Dependencies: 251
-- Name: recipes_recipe_id_seq; Type: SEQUENCE SET; Schema: public; Owner: -
--

SELECT pg_catalog.setval('public.recipes_recipe_id_seq', 1, false);


--
-- TOC entry 5252 (class 0 OID 0)
-- Dependencies: 257
-- Name: recipes_recipeingredient_id_seq; Type: SEQUENCE SET; Schema: public; Owner: -
--

SELECT pg_catalog.setval('public.recipes_recipeingredient_id_seq', 1, false);


--
-- TOC entry 5253 (class 0 OID 0)
-- Dependencies: 255
-- Name: recipes_recipestep_id_seq; Type: SEQUENCE SET; Schema: public; Owner: -
--

SELECT pg_catalog.setval('public.recipes_recipestep_id_seq', 1, false);


--
-- TOC entry 5254 (class 0 OID 0)
-- Dependencies: 247
-- Name: recipes_unit_id_seq; Type: SEQUENCE SET; Schema: public; Owner: -
--

SELECT pg_catalog.setval('public.recipes_unit_id_seq', 1, false);


--
-- TOC entry 4899 (class 2606 OID 24035)
-- Name: allergy accounts_allergy_name_0ba4185d_uniq; Type: CONSTRAINT; Schema: public; Owner: -
--

ALTER TABLE ONLY public.allergy
    ADD CONSTRAINT accounts_allergy_name_0ba4185d_uniq UNIQUE (name);


--
-- TOC entry 4901 (class 2606 OID 23736)
-- Name: allergy accounts_allergy_pkey; Type: CONSTRAINT; Schema: public; Owner: -
--

ALTER TABLE ONLY public.allergy
    ADD CONSTRAINT accounts_allergy_pkey PRIMARY KEY (id);


--
-- TOC entry 4904 (class 2606 OID 24038)
-- Name: diet_type accounts_diettype_name_7985f8b5_uniq; Type: CONSTRAINT; Schema: public; Owner: -
--

ALTER TABLE ONLY public.diet_type
    ADD CONSTRAINT accounts_diettype_name_7985f8b5_uniq UNIQUE (name);


--
-- TOC entry 4906 (class 2606 OID 23744)
-- Name: diet_type accounts_diettype_pkey; Type: CONSTRAINT; Schema: public; Owner: -
--

ALTER TABLE ONLY public.diet_type
    ADD CONSTRAINT accounts_diettype_pkey PRIMARY KEY (id);


--
-- TOC entry 4937 (class 2606 OID 23801)
-- Name: user_allergies accounts_user_allergies_pkey; Type: CONSTRAINT; Schema: public; Owner: -
--

ALTER TABLE ONLY public.user_allergies
    ADD CONSTRAINT accounts_user_allergies_pkey PRIMARY KEY (id);


--
-- TOC entry 4939 (class 2606 OID 23842)
-- Name: user_allergies accounts_user_allergies_user_id_allergy_id_a58c3b03_uniq; Type: CONSTRAINT; Schema: public; Owner: -
--

ALTER TABLE ONLY public.user_allergies
    ADD CONSTRAINT accounts_user_allergies_user_id_allergy_id_a58c3b03_uniq UNIQUE (user_id, allergy_id);


--
-- TOC entry 4943 (class 2606 OID 23810)
-- Name: user_diet_types accounts_user_diet_types_pkey; Type: CONSTRAINT; Schema: public; Owner: -
--

ALTER TABLE ONLY public.user_diet_types
    ADD CONSTRAINT accounts_user_diet_types_pkey PRIMARY KEY (id);


--
-- TOC entry 4945 (class 2606 OID 23856)
-- Name: user_diet_types accounts_user_diet_types_user_id_diettype_id_688481ca_uniq; Type: CONSTRAINT; Schema: public; Owner: -
--

ALTER TABLE ONLY public.user_diet_types
    ADD CONSTRAINT accounts_user_diet_types_user_id_diettype_id_688481ca_uniq UNIQUE (user_id, diettype_id);


--
-- TOC entry 4917 (class 2606 OID 23774)
-- Name: user accounts_user_email_key; Type: CONSTRAINT; Schema: public; Owner: -
--

ALTER TABLE ONLY public."user"
    ADD CONSTRAINT accounts_user_email_key UNIQUE (email);


--
-- TOC entry 4925 (class 2606 OID 23783)
-- Name: user_groups accounts_user_groups_pkey; Type: CONSTRAINT; Schema: public; Owner: -
--

ALTER TABLE ONLY public.user_groups
    ADD CONSTRAINT accounts_user_groups_pkey PRIMARY KEY (id);


--
-- TOC entry 4928 (class 2606 OID 23814)
-- Name: user_groups accounts_user_groups_user_id_group_id_59c0b32f_uniq; Type: CONSTRAINT; Schema: public; Owner: -
--

ALTER TABLE ONLY public.user_groups
    ADD CONSTRAINT accounts_user_groups_user_id_group_id_59c0b32f_uniq UNIQUE (user_id, group_id);


--
-- TOC entry 4919 (class 2606 OID 23770)
-- Name: user accounts_user_pkey; Type: CONSTRAINT; Schema: public; Owner: -
--

ALTER TABLE ONLY public."user"
    ADD CONSTRAINT accounts_user_pkey PRIMARY KEY (id);


--
-- TOC entry 4930 (class 2606 OID 23828)
-- Name: user_user_permissions accounts_user_user_permi_user_id_permission_id_2ab516c2_uniq; Type: CONSTRAINT; Schema: public; Owner: -
--

ALTER TABLE ONLY public.user_user_permissions
    ADD CONSTRAINT accounts_user_user_permi_user_id_permission_id_2ab516c2_uniq UNIQUE (user_id, permission_id);


--
-- TOC entry 4933 (class 2606 OID 23792)
-- Name: user_user_permissions accounts_user_user_permissions_pkey; Type: CONSTRAINT; Schema: public; Owner: -
--

ALTER TABLE ONLY public.user_user_permissions
    ADD CONSTRAINT accounts_user_user_permissions_pkey PRIMARY KEY (id);


--
-- TOC entry 4922 (class 2606 OID 23772)
-- Name: user accounts_user_username_key; Type: CONSTRAINT; Schema: public; Owner: -
--

ALTER TABLE ONLY public."user"
    ADD CONSTRAINT accounts_user_username_key UNIQUE (username);


--
-- TOC entry 4908 (class 2606 OID 23752)
-- Name: user_favorite accounts_userfavorite_pkey; Type: CONSTRAINT; Schema: public; Owner: -
--

ALTER TABLE ONLY public.user_favorite
    ADD CONSTRAINT accounts_userfavorite_pkey PRIMARY KEY (id);


--
-- TOC entry 4911 (class 2606 OID 24043)
-- Name: user_favorite accounts_userfavorite_recipe_id_485b6886_uniq; Type: CONSTRAINT; Schema: public; Owner: -
--

ALTER TABLE ONLY public.user_favorite
    ADD CONSTRAINT accounts_userfavorite_recipe_id_485b6886_uniq UNIQUE (recipe_id);


--
-- TOC entry 4914 (class 2606 OID 24045)
-- Name: user_favorite accounts_userfavorite_user_id_88d09a92_uniq; Type: CONSTRAINT; Schema: public; Owner: -
--

ALTER TABLE ONLY public.user_favorite
    ADD CONSTRAINT accounts_userfavorite_user_id_88d09a92_uniq UNIQUE (user_id);


--
-- TOC entry 4888 (class 2606 OID 23726)
-- Name: auth_group auth_group_name_key; Type: CONSTRAINT; Schema: public; Owner: -
--

ALTER TABLE ONLY public.auth_group
    ADD CONSTRAINT auth_group_name_key UNIQUE (name);


--
-- TOC entry 4893 (class 2606 OID 23711)
-- Name: auth_group_permissions auth_group_permissions_group_id_permission_id_0cd325b0_uniq; Type: CONSTRAINT; Schema: public; Owner: -
--

ALTER TABLE ONLY public.auth_group_permissions
    ADD CONSTRAINT auth_group_permissions_group_id_permission_id_0cd325b0_uniq UNIQUE (group_id, permission_id);


--
-- TOC entry 4896 (class 2606 OID 23700)
-- Name: auth_group_permissions auth_group_permissions_pkey; Type: CONSTRAINT; Schema: public; Owner: -
--

ALTER TABLE ONLY public.auth_group_permissions
    ADD CONSTRAINT auth_group_permissions_pkey PRIMARY KEY (id);


--
-- TOC entry 4890 (class 2606 OID 23689)
-- Name: auth_group auth_group_pkey; Type: CONSTRAINT; Schema: public; Owner: -
--

ALTER TABLE ONLY public.auth_group
    ADD CONSTRAINT auth_group_pkey PRIMARY KEY (id);


--
-- TOC entry 4883 (class 2606 OID 23702)
-- Name: auth_permission auth_permission_content_type_id_codename_01ab375a_uniq; Type: CONSTRAINT; Schema: public; Owner: -
--

ALTER TABLE ONLY public.auth_permission
    ADD CONSTRAINT auth_permission_content_type_id_codename_01ab375a_uniq UNIQUE (content_type_id, codename);


--
-- TOC entry 4885 (class 2606 OID 23681)
-- Name: auth_permission auth_permission_pkey; Type: CONSTRAINT; Schema: public; Owner: -
--

ALTER TABLE ONLY public.auth_permission
    ADD CONSTRAINT auth_permission_pkey PRIMARY KEY (id);


--
-- TOC entry 4987 (class 2606 OID 24083)
-- Name: cart_item cart_cartitem_pkey; Type: CONSTRAINT; Schema: public; Owner: -
--

ALTER TABLE ONLY public.cart_item
    ADD CONSTRAINT cart_cartitem_pkey PRIMARY KEY (id);


--
-- TOC entry 4983 (class 2606 OID 24060)
-- Name: django_admin_log django_admin_log_pkey; Type: CONSTRAINT; Schema: public; Owner: -
--

ALTER TABLE ONLY public.django_admin_log
    ADD CONSTRAINT django_admin_log_pkey PRIMARY KEY (id);


--
-- TOC entry 4878 (class 2606 OID 23671)
-- Name: django_content_type django_content_type_app_label_model_76bd3d3b_uniq; Type: CONSTRAINT; Schema: public; Owner: -
--

ALTER TABLE ONLY public.django_content_type
    ADD CONSTRAINT django_content_type_app_label_model_76bd3d3b_uniq UNIQUE (app_label, model);


--
-- TOC entry 4880 (class 2606 OID 23669)
-- Name: django_content_type django_content_type_pkey; Type: CONSTRAINT; Schema: public; Owner: -
--

ALTER TABLE ONLY public.django_content_type
    ADD CONSTRAINT django_content_type_pkey PRIMARY KEY (id);


--
-- TOC entry 4876 (class 2606 OID 23659)
-- Name: django_migrations django_migrations_pkey; Type: CONSTRAINT; Schema: public; Owner: -
--

ALTER TABLE ONLY public.django_migrations
    ADD CONSTRAINT django_migrations_pkey PRIMARY KEY (id);


--
-- TOC entry 4999 (class 2606 OID 24156)
-- Name: django_session django_session_pkey; Type: CONSTRAINT; Schema: public; Owner: -
--

ALTER TABLE ONLY public.django_session
    ADD CONSTRAINT django_session_pkey PRIMARY KEY (session_key);


--
-- TOC entry 4991 (class 2606 OID 24117)
-- Name: menu menus_menu_pkey; Type: CONSTRAINT; Schema: public; Owner: -
--

ALTER TABLE ONLY public.menu
    ADD CONSTRAINT menus_menu_pkey PRIMARY KEY (id);


--
-- TOC entry 4995 (class 2606 OID 24128)
-- Name: menu_item menus_menuitem_pkey; Type: CONSTRAINT; Schema: public; Owner: -
--

ALTER TABLE ONLY public.menu_item
    ADD CONSTRAINT menus_menuitem_pkey PRIMARY KEY (id);


--
-- TOC entry 4959 (class 2606 OID 23892)
-- Name: ingredient recipes_ingredient_pkey; Type: CONSTRAINT; Schema: public; Owner: -
--

ALTER TABLE ONLY public.ingredient
    ADD CONSTRAINT recipes_ingredient_pkey PRIMARY KEY (id);


--
-- TOC entry 4949 (class 2606 OID 24003)
-- Name: ingredient_category recipes_ingredientcategory_name_31d394aa_uniq; Type: CONSTRAINT; Schema: public; Owner: -
--

ALTER TABLE ONLY public.ingredient_category
    ADD CONSTRAINT recipes_ingredientcategory_name_31d394aa_uniq UNIQUE (name);


--
-- TOC entry 4951 (class 2606 OID 23876)
-- Name: ingredient_category recipes_ingredientcategory_pkey; Type: CONSTRAINT; Schema: public; Owner: -
--

ALTER TABLE ONLY public.ingredient_category
    ADD CONSTRAINT recipes_ingredientcategory_pkey PRIMARY KEY (id);


--
-- TOC entry 4965 (class 2606 OID 23917)
-- Name: recipe_diet_types recipes_recipe_diet_types_pkey; Type: CONSTRAINT; Schema: public; Owner: -
--

ALTER TABLE ONLY public.recipe_diet_types
    ADD CONSTRAINT recipes_recipe_diet_types_pkey PRIMARY KEY (id);


--
-- TOC entry 4968 (class 2606 OID 23953)
-- Name: recipe_diet_types recipes_recipe_diet_types_recipe_id_diettype_id_b153c3da_uniq; Type: CONSTRAINT; Schema: public; Owner: -
--

ALTER TABLE ONLY public.recipe_diet_types
    ADD CONSTRAINT recipes_recipe_diet_types_recipe_id_diettype_id_b153c3da_uniq UNIQUE (recipe_id, diettype_id);


--
-- TOC entry 4962 (class 2606 OID 23908)
-- Name: recipe recipes_recipe_pkey; Type: CONSTRAINT; Schema: public; Owner: -
--

ALTER TABLE ONLY public.recipe
    ADD CONSTRAINT recipes_recipe_pkey PRIMARY KEY (id);


--
-- TOC entry 4976 (class 2606 OID 23939)
-- Name: recipe_ingredient recipes_recipeingredient_pkey; Type: CONSTRAINT; Schema: public; Owner: -
--

ALTER TABLE ONLY public.recipe_ingredient
    ADD CONSTRAINT recipes_recipeingredient_pkey PRIMARY KEY (id);


--
-- TOC entry 4979 (class 2606 OID 24015)
-- Name: recipe_ingredient recipes_recipeingredient_recipe_id_ingredient_id_b6da77a8_uniq; Type: CONSTRAINT; Schema: public; Owner: -
--

ALTER TABLE ONLY public.recipe_ingredient
    ADD CONSTRAINT recipes_recipeingredient_recipe_id_ingredient_id_b6da77a8_uniq UNIQUE (recipe_id, ingredient_id);


--
-- TOC entry 4970 (class 2606 OID 23929)
-- Name: recipe_step recipes_recipestep_pkey; Type: CONSTRAINT; Schema: public; Owner: -
--

ALTER TABLE ONLY public.recipe_step
    ADD CONSTRAINT recipes_recipestep_pkey PRIMARY KEY (id);


--
-- TOC entry 4973 (class 2606 OID 24017)
-- Name: recipe_step recipes_recipestep_recipe_id_step_number_ada55a70_uniq; Type: CONSTRAINT; Schema: public; Owner: -
--

ALTER TABLE ONLY public.recipe_step
    ADD CONSTRAINT recipes_recipestep_recipe_id_step_number_ada55a70_uniq UNIQUE (recipe_id, step_number);


--
-- TOC entry 4954 (class 2606 OID 24012)
-- Name: unit recipes_unit_name_906c0dee_uniq; Type: CONSTRAINT; Schema: public; Owner: -
--

ALTER TABLE ONLY public.unit
    ADD CONSTRAINT recipes_unit_name_906c0dee_uniq UNIQUE (name);


--
-- TOC entry 4956 (class 2606 OID 23884)
-- Name: unit recipes_unit_pkey; Type: CONSTRAINT; Schema: public; Owner: -
--

ALTER TABLE ONLY public.unit
    ADD CONSTRAINT recipes_unit_pkey PRIMARY KEY (id);


--
-- TOC entry 4897 (class 1259 OID 24036)
-- Name: accounts_allergy_name_0ba4185d_like; Type: INDEX; Schema: public; Owner: -
--

CREATE INDEX accounts_allergy_name_0ba4185d_like ON public.allergy USING btree (name varchar_pattern_ops);


--
-- TOC entry 4902 (class 1259 OID 24039)
-- Name: accounts_diettype_name_7985f8b5_like; Type: INDEX; Schema: public; Owner: -
--

CREATE INDEX accounts_diettype_name_7985f8b5_like ON public.diet_type USING btree (name varchar_pattern_ops);


--
-- TOC entry 4935 (class 1259 OID 23854)
-- Name: accounts_user_allergies_allergy_id_fac9542b; Type: INDEX; Schema: public; Owner: -
--

CREATE INDEX accounts_user_allergies_allergy_id_fac9542b ON public.user_allergies USING btree (allergy_id);


--
-- TOC entry 4940 (class 1259 OID 23853)
-- Name: accounts_user_allergies_user_id_ce633fa4; Type: INDEX; Schema: public; Owner: -
--

CREATE INDEX accounts_user_allergies_user_id_ce633fa4 ON public.user_allergies USING btree (user_id);


--
-- TOC entry 4941 (class 1259 OID 23868)
-- Name: accounts_user_diet_types_diettype_id_12d7c088; Type: INDEX; Schema: public; Owner: -
--

CREATE INDEX accounts_user_diet_types_diettype_id_12d7c088 ON public.user_diet_types USING btree (diettype_id);


--
-- TOC entry 4946 (class 1259 OID 23867)
-- Name: accounts_user_diet_types_user_id_e194ecea; Type: INDEX; Schema: public; Owner: -
--

CREATE INDEX accounts_user_diet_types_user_id_e194ecea ON public.user_diet_types USING btree (user_id);


--
-- TOC entry 4915 (class 1259 OID 23812)
-- Name: accounts_user_email_b2644a56_like; Type: INDEX; Schema: public; Owner: -
--

CREATE INDEX accounts_user_email_b2644a56_like ON public."user" USING btree (email varchar_pattern_ops);


--
-- TOC entry 4923 (class 1259 OID 23826)
-- Name: accounts_user_groups_group_id_bd11a704; Type: INDEX; Schema: public; Owner: -
--

CREATE INDEX accounts_user_groups_group_id_bd11a704 ON public.user_groups USING btree (group_id);


--
-- TOC entry 4926 (class 1259 OID 23825)
-- Name: accounts_user_groups_user_id_52b62117; Type: INDEX; Schema: public; Owner: -
--

CREATE INDEX accounts_user_groups_user_id_52b62117 ON public.user_groups USING btree (user_id);


--
-- TOC entry 4931 (class 1259 OID 23840)
-- Name: accounts_user_user_permissions_permission_id_113bb443; Type: INDEX; Schema: public; Owner: -
--

CREATE INDEX accounts_user_user_permissions_permission_id_113bb443 ON public.user_user_permissions USING btree (permission_id);


--
-- TOC entry 4934 (class 1259 OID 23839)
-- Name: accounts_user_user_permissions_user_id_e4f0a161; Type: INDEX; Schema: public; Owner: -
--

CREATE INDEX accounts_user_user_permissions_user_id_e4f0a161 ON public.user_user_permissions USING btree (user_id);


--
-- TOC entry 4920 (class 1259 OID 23811)
-- Name: accounts_user_username_6088629e_like; Type: INDEX; Schema: public; Owner: -
--

CREATE INDEX accounts_user_username_6088629e_like ON public."user" USING btree (username varchar_pattern_ops);


--
-- TOC entry 4909 (class 1259 OID 24030)
-- Name: accounts_userfavorite_recipe_id_485b6886; Type: INDEX; Schema: public; Owner: -
--

CREATE INDEX accounts_userfavorite_recipe_id_485b6886 ON public.user_favorite USING btree (recipe_id);


--
-- TOC entry 4912 (class 1259 OID 24031)
-- Name: accounts_userfavorite_user_id_88d09a92; Type: INDEX; Schema: public; Owner: -
--

CREATE INDEX accounts_userfavorite_user_id_88d09a92 ON public.user_favorite USING btree (user_id);


--
-- TOC entry 4886 (class 1259 OID 23727)
-- Name: auth_group_name_a6ea08ec_like; Type: INDEX; Schema: public; Owner: -
--

CREATE INDEX auth_group_name_a6ea08ec_like ON public.auth_group USING btree (name varchar_pattern_ops);


--
-- TOC entry 4891 (class 1259 OID 23722)
-- Name: auth_group_permissions_group_id_b120cbf9; Type: INDEX; Schema: public; Owner: -
--

CREATE INDEX auth_group_permissions_group_id_b120cbf9 ON public.auth_group_permissions USING btree (group_id);


--
-- TOC entry 4894 (class 1259 OID 23723)
-- Name: auth_group_permissions_permission_id_84c5c92e; Type: INDEX; Schema: public; Owner: -
--

CREATE INDEX auth_group_permissions_permission_id_84c5c92e ON public.auth_group_permissions USING btree (permission_id);


--
-- TOC entry 4881 (class 1259 OID 23708)
-- Name: auth_permission_content_type_id_2f476e4b; Type: INDEX; Schema: public; Owner: -
--

CREATE INDEX auth_permission_content_type_id_2f476e4b ON public.auth_permission USING btree (content_type_id);


--
-- TOC entry 4985 (class 1259 OID 24099)
-- Name: cart_cartitem_ingredient_id_2424bcf1; Type: INDEX; Schema: public; Owner: -
--

CREATE INDEX cart_cartitem_ingredient_id_2424bcf1 ON public.cart_item USING btree (ingredient_id);


--
-- TOC entry 4988 (class 1259 OID 24100)
-- Name: cart_cartitem_unit_id_e7152baa; Type: INDEX; Schema: public; Owner: -
--

CREATE INDEX cart_cartitem_unit_id_e7152baa ON public.cart_item USING btree (unit_id);


--
-- TOC entry 4989 (class 1259 OID 24101)
-- Name: cart_cartitem_user_id_292943b8; Type: INDEX; Schema: public; Owner: -
--

CREATE INDEX cart_cartitem_user_id_292943b8 ON public.cart_item USING btree (user_id);


--
-- TOC entry 4981 (class 1259 OID 24071)
-- Name: django_admin_log_content_type_id_c4bce8eb; Type: INDEX; Schema: public; Owner: -
--

CREATE INDEX django_admin_log_content_type_id_c4bce8eb ON public.django_admin_log USING btree (content_type_id);


--
-- TOC entry 4984 (class 1259 OID 24072)
-- Name: django_admin_log_user_id_c564eba6; Type: INDEX; Schema: public; Owner: -
--

CREATE INDEX django_admin_log_user_id_c564eba6 ON public.django_admin_log USING btree (user_id);


--
-- TOC entry 4997 (class 1259 OID 24158)
-- Name: django_session_expire_date_a5c62663; Type: INDEX; Schema: public; Owner: -
--

CREATE INDEX django_session_expire_date_a5c62663 ON public.django_session USING btree (expire_date);


--
-- TOC entry 5000 (class 1259 OID 24157)
-- Name: django_session_session_key_c0390e0f_like; Type: INDEX; Schema: public; Owner: -
--

CREATE INDEX django_session_session_key_c0390e0f_like ON public.django_session USING btree (session_key varchar_pattern_ops);


--
-- TOC entry 4992 (class 1259 OID 24134)
-- Name: menus_menu_user_id_1778f4a7; Type: INDEX; Schema: public; Owner: -
--

CREATE INDEX menus_menu_user_id_1778f4a7 ON public.menu USING btree (user_id);


--
-- TOC entry 4993 (class 1259 OID 24145)
-- Name: menus_menuitem_menu_id_9d369230; Type: INDEX; Schema: public; Owner: -
--

CREATE INDEX menus_menuitem_menu_id_9d369230 ON public.menu_item USING btree (menu_id);


--
-- TOC entry 4996 (class 1259 OID 24146)
-- Name: menus_menuitem_recipe_id_6771db05; Type: INDEX; Schema: public; Owner: -
--

CREATE INDEX menus_menuitem_recipe_id_6771db05 ON public.menu_item USING btree (recipe_id);


--
-- TOC entry 4957 (class 1259 OID 23950)
-- Name: recipes_ingredient_category_id_d6314e97; Type: INDEX; Schema: public; Owner: -
--

CREATE INDEX recipes_ingredient_category_id_d6314e97 ON public.ingredient USING btree (category_id);


--
-- TOC entry 4960 (class 1259 OID 23951)
-- Name: recipes_ingredient_unit_id_39d02639; Type: INDEX; Schema: public; Owner: -
--

CREATE INDEX recipes_ingredient_unit_id_39d02639 ON public.ingredient USING btree (unit_id);


--
-- TOC entry 4947 (class 1259 OID 24004)
-- Name: recipes_ingredientcategory_name_31d394aa_like; Type: INDEX; Schema: public; Owner: -
--

CREATE INDEX recipes_ingredientcategory_name_31d394aa_like ON public.ingredient_category USING btree (name varchar_pattern_ops);


--
-- TOC entry 4963 (class 1259 OID 23965)
-- Name: recipes_recipe_diet_types_diettype_id_6a39bb11; Type: INDEX; Schema: public; Owner: -
--

CREATE INDEX recipes_recipe_diet_types_diettype_id_6a39bb11 ON public.recipe_diet_types USING btree (diettype_id);


--
-- TOC entry 4966 (class 1259 OID 23964)
-- Name: recipes_recipe_diet_types_recipe_id_c29f53a1; Type: INDEX; Schema: public; Owner: -
--

CREATE INDEX recipes_recipe_diet_types_recipe_id_c29f53a1 ON public.recipe_diet_types USING btree (recipe_id);


--
-- TOC entry 4974 (class 1259 OID 23987)
-- Name: recipes_recipeingredient_ingredient_id_0efc0df1; Type: INDEX; Schema: public; Owner: -
--

CREATE INDEX recipes_recipeingredient_ingredient_id_0efc0df1 ON public.recipe_ingredient USING btree (ingredient_id);


--
-- TOC entry 4977 (class 1259 OID 23988)
-- Name: recipes_recipeingredient_recipe_id_76423229; Type: INDEX; Schema: public; Owner: -
--

CREATE INDEX recipes_recipeingredient_recipe_id_76423229 ON public.recipe_ingredient USING btree (recipe_id);


--
-- TOC entry 4980 (class 1259 OID 23989)
-- Name: recipes_recipeingredient_unit_id_23d6437a; Type: INDEX; Schema: public; Owner: -
--

CREATE INDEX recipes_recipeingredient_unit_id_23d6437a ON public.recipe_ingredient USING btree (unit_id);


--
-- TOC entry 4971 (class 1259 OID 23971)
-- Name: recipes_recipestep_recipe_id_f5329783; Type: INDEX; Schema: public; Owner: -
--

CREATE INDEX recipes_recipestep_recipe_id_f5329783 ON public.recipe_step USING btree (recipe_id);


--
-- TOC entry 4952 (class 1259 OID 24013)
-- Name: recipes_unit_name_906c0dee_like; Type: INDEX; Schema: public; Owner: -
--

CREATE INDEX recipes_unit_name_906c0dee_like ON public.unit USING btree (name varchar_pattern_ops);


--
-- TOC entry 5010 (class 2606 OID 23848)
-- Name: user_allergies accounts_user_allerg_allergy_id_fac9542b_fk_accounts_; Type: FK CONSTRAINT; Schema: public; Owner: -
--

ALTER TABLE ONLY public.user_allergies
    ADD CONSTRAINT accounts_user_allerg_allergy_id_fac9542b_fk_accounts_ FOREIGN KEY (allergy_id) REFERENCES public.allergy(id) DEFERRABLE INITIALLY DEFERRED;


--
-- TOC entry 5011 (class 2606 OID 23843)
-- Name: user_allergies accounts_user_allergies_user_id_ce633fa4_fk_accounts_user_id; Type: FK CONSTRAINT; Schema: public; Owner: -
--

ALTER TABLE ONLY public.user_allergies
    ADD CONSTRAINT accounts_user_allergies_user_id_ce633fa4_fk_accounts_user_id FOREIGN KEY (user_id) REFERENCES public."user"(id) DEFERRABLE INITIALLY DEFERRED;


--
-- TOC entry 5012 (class 2606 OID 23862)
-- Name: user_diet_types accounts_user_diet_t_diettype_id_12d7c088_fk_accounts_; Type: FK CONSTRAINT; Schema: public; Owner: -
--

ALTER TABLE ONLY public.user_diet_types
    ADD CONSTRAINT accounts_user_diet_t_diettype_id_12d7c088_fk_accounts_ FOREIGN KEY (diettype_id) REFERENCES public.diet_type(id) DEFERRABLE INITIALLY DEFERRED;


--
-- TOC entry 5013 (class 2606 OID 23857)
-- Name: user_diet_types accounts_user_diet_types_user_id_e194ecea_fk_accounts_user_id; Type: FK CONSTRAINT; Schema: public; Owner: -
--

ALTER TABLE ONLY public.user_diet_types
    ADD CONSTRAINT accounts_user_diet_types_user_id_e194ecea_fk_accounts_user_id FOREIGN KEY (user_id) REFERENCES public."user"(id) DEFERRABLE INITIALLY DEFERRED;


--
-- TOC entry 5006 (class 2606 OID 23820)
-- Name: user_groups accounts_user_groups_group_id_bd11a704_fk_auth_group_id; Type: FK CONSTRAINT; Schema: public; Owner: -
--

ALTER TABLE ONLY public.user_groups
    ADD CONSTRAINT accounts_user_groups_group_id_bd11a704_fk_auth_group_id FOREIGN KEY (group_id) REFERENCES public.auth_group(id) DEFERRABLE INITIALLY DEFERRED;


--
-- TOC entry 5007 (class 2606 OID 23815)
-- Name: user_groups accounts_user_groups_user_id_52b62117_fk_accounts_user_id; Type: FK CONSTRAINT; Schema: public; Owner: -
--

ALTER TABLE ONLY public.user_groups
    ADD CONSTRAINT accounts_user_groups_user_id_52b62117_fk_accounts_user_id FOREIGN KEY (user_id) REFERENCES public."user"(id) DEFERRABLE INITIALLY DEFERRED;


--
-- TOC entry 5008 (class 2606 OID 23834)
-- Name: user_user_permissions accounts_user_user_p_permission_id_113bb443_fk_auth_perm; Type: FK CONSTRAINT; Schema: public; Owner: -
--

ALTER TABLE ONLY public.user_user_permissions
    ADD CONSTRAINT accounts_user_user_p_permission_id_113bb443_fk_auth_perm FOREIGN KEY (permission_id) REFERENCES public.auth_permission(id) DEFERRABLE INITIALLY DEFERRED;


--
-- TOC entry 5009 (class 2606 OID 23829)
-- Name: user_user_permissions accounts_user_user_p_user_id_e4f0a161_fk_accounts_; Type: FK CONSTRAINT; Schema: public; Owner: -
--

ALTER TABLE ONLY public.user_user_permissions
    ADD CONSTRAINT accounts_user_user_p_user_id_e4f0a161_fk_accounts_ FOREIGN KEY (user_id) REFERENCES public."user"(id) DEFERRABLE INITIALLY DEFERRED;


--
-- TOC entry 5004 (class 2606 OID 24019)
-- Name: user_favorite accounts_userfavorite_recipe_id_485b6886_fk_recipe_id; Type: FK CONSTRAINT; Schema: public; Owner: -
--

ALTER TABLE ONLY public.user_favorite
    ADD CONSTRAINT accounts_userfavorite_recipe_id_485b6886_fk_recipe_id FOREIGN KEY (recipe_id) REFERENCES public.recipe(id) DEFERRABLE INITIALLY DEFERRED;


--
-- TOC entry 5005 (class 2606 OID 24025)
-- Name: user_favorite accounts_userfavorite_user_id_88d09a92_fk_accounts_user_id; Type: FK CONSTRAINT; Schema: public; Owner: -
--

ALTER TABLE ONLY public.user_favorite
    ADD CONSTRAINT accounts_userfavorite_user_id_88d09a92_fk_accounts_user_id FOREIGN KEY (user_id) REFERENCES public."user"(id) DEFERRABLE INITIALLY DEFERRED;


--
-- TOC entry 5002 (class 2606 OID 23717)
-- Name: auth_group_permissions auth_group_permissio_permission_id_84c5c92e_fk_auth_perm; Type: FK CONSTRAINT; Schema: public; Owner: -
--

ALTER TABLE ONLY public.auth_group_permissions
    ADD CONSTRAINT auth_group_permissio_permission_id_84c5c92e_fk_auth_perm FOREIGN KEY (permission_id) REFERENCES public.auth_permission(id) DEFERRABLE INITIALLY DEFERRED;


--
-- TOC entry 5003 (class 2606 OID 23712)
-- Name: auth_group_permissions auth_group_permissions_group_id_b120cbf9_fk_auth_group_id; Type: FK CONSTRAINT; Schema: public; Owner: -
--

ALTER TABLE ONLY public.auth_group_permissions
    ADD CONSTRAINT auth_group_permissions_group_id_b120cbf9_fk_auth_group_id FOREIGN KEY (group_id) REFERENCES public.auth_group(id) DEFERRABLE INITIALLY DEFERRED;


--
-- TOC entry 5001 (class 2606 OID 23703)
-- Name: auth_permission auth_permission_content_type_id_2f476e4b_fk_django_co; Type: FK CONSTRAINT; Schema: public; Owner: -
--

ALTER TABLE ONLY public.auth_permission
    ADD CONSTRAINT auth_permission_content_type_id_2f476e4b_fk_django_co FOREIGN KEY (content_type_id) REFERENCES public.django_content_type(id) DEFERRABLE INITIALLY DEFERRED;


--
-- TOC entry 5024 (class 2606 OID 24084)
-- Name: cart_item cart_cartitem_ingredient_id_2424bcf1_fk_ingredient_id; Type: FK CONSTRAINT; Schema: public; Owner: -
--

ALTER TABLE ONLY public.cart_item
    ADD CONSTRAINT cart_cartitem_ingredient_id_2424bcf1_fk_ingredient_id FOREIGN KEY (ingredient_id) REFERENCES public.ingredient(id) DEFERRABLE INITIALLY DEFERRED;


--
-- TOC entry 5025 (class 2606 OID 24103)
-- Name: cart_item cart_cartitem_unit_id_e7152baa_fk_unit_id; Type: FK CONSTRAINT; Schema: public; Owner: -
--

ALTER TABLE ONLY public.cart_item
    ADD CONSTRAINT cart_cartitem_unit_id_e7152baa_fk_unit_id FOREIGN KEY (unit_id) REFERENCES public.unit(id) DEFERRABLE INITIALLY DEFERRED;


--
-- TOC entry 5026 (class 2606 OID 24094)
-- Name: cart_item cart_cartitem_user_id_292943b8_fk_user_id; Type: FK CONSTRAINT; Schema: public; Owner: -
--

ALTER TABLE ONLY public.cart_item
    ADD CONSTRAINT cart_cartitem_user_id_292943b8_fk_user_id FOREIGN KEY (user_id) REFERENCES public."user"(id) DEFERRABLE INITIALLY DEFERRED;


--
-- TOC entry 5022 (class 2606 OID 24061)
-- Name: django_admin_log django_admin_log_content_type_id_c4bce8eb_fk_django_co; Type: FK CONSTRAINT; Schema: public; Owner: -
--

ALTER TABLE ONLY public.django_admin_log
    ADD CONSTRAINT django_admin_log_content_type_id_c4bce8eb_fk_django_co FOREIGN KEY (content_type_id) REFERENCES public.django_content_type(id) DEFERRABLE INITIALLY DEFERRED;


--
-- TOC entry 5023 (class 2606 OID 24066)
-- Name: django_admin_log django_admin_log_user_id_c564eba6_fk_user_id; Type: FK CONSTRAINT; Schema: public; Owner: -
--

ALTER TABLE ONLY public.django_admin_log
    ADD CONSTRAINT django_admin_log_user_id_c564eba6_fk_user_id FOREIGN KEY (user_id) REFERENCES public."user"(id) DEFERRABLE INITIALLY DEFERRED;


--
-- TOC entry 5027 (class 2606 OID 24129)
-- Name: menu menus_menu_user_id_1778f4a7_fk_user_id; Type: FK CONSTRAINT; Schema: public; Owner: -
--

ALTER TABLE ONLY public.menu
    ADD CONSTRAINT menus_menu_user_id_1778f4a7_fk_user_id FOREIGN KEY (user_id) REFERENCES public."user"(id) DEFERRABLE INITIALLY DEFERRED;


--
-- TOC entry 5028 (class 2606 OID 24135)
-- Name: menu_item menus_menuitem_menu_id_9d369230_fk_menus_menu_id; Type: FK CONSTRAINT; Schema: public; Owner: -
--

ALTER TABLE ONLY public.menu_item
    ADD CONSTRAINT menus_menuitem_menu_id_9d369230_fk_menus_menu_id FOREIGN KEY (menu_id) REFERENCES public.menu(id) DEFERRABLE INITIALLY DEFERRED;


--
-- TOC entry 5029 (class 2606 OID 24140)
-- Name: menu_item menus_menuitem_recipe_id_6771db05_fk_recipe_id; Type: FK CONSTRAINT; Schema: public; Owner: -
--

ALTER TABLE ONLY public.menu_item
    ADD CONSTRAINT menus_menuitem_recipe_id_6771db05_fk_recipe_id FOREIGN KEY (recipe_id) REFERENCES public.recipe(id) DEFERRABLE INITIALLY DEFERRED;


--
-- TOC entry 5014 (class 2606 OID 23991)
-- Name: ingredient recipes_ingredient_category_id_d6314e97_fk_recipes_i; Type: FK CONSTRAINT; Schema: public; Owner: -
--

ALTER TABLE ONLY public.ingredient
    ADD CONSTRAINT recipes_ingredient_category_id_d6314e97_fk_recipes_i FOREIGN KEY (category_id) REFERENCES public.ingredient_category(id) DEFERRABLE INITIALLY DEFERRED;


--
-- TOC entry 5015 (class 2606 OID 23997)
-- Name: ingredient recipes_ingredient_unit_id_39d02639_fk_recipes_unit_id; Type: FK CONSTRAINT; Schema: public; Owner: -
--

ALTER TABLE ONLY public.ingredient
    ADD CONSTRAINT recipes_ingredient_unit_id_39d02639_fk_recipes_unit_id FOREIGN KEY (unit_id) REFERENCES public.unit(id) DEFERRABLE INITIALLY DEFERRED;


--
-- TOC entry 5016 (class 2606 OID 23959)
-- Name: recipe_diet_types recipes_recipe_diet__diettype_id_6a39bb11_fk_accounts_; Type: FK CONSTRAINT; Schema: public; Owner: -
--

ALTER TABLE ONLY public.recipe_diet_types
    ADD CONSTRAINT recipes_recipe_diet__diettype_id_6a39bb11_fk_accounts_ FOREIGN KEY (diettype_id) REFERENCES public.diet_type(id) DEFERRABLE INITIALLY DEFERRED;


--
-- TOC entry 5017 (class 2606 OID 23954)
-- Name: recipe_diet_types recipes_recipe_diet__recipe_id_c29f53a1_fk_recipes_r; Type: FK CONSTRAINT; Schema: public; Owner: -
--

ALTER TABLE ONLY public.recipe_diet_types
    ADD CONSTRAINT recipes_recipe_diet__recipe_id_c29f53a1_fk_recipes_r FOREIGN KEY (recipe_id) REFERENCES public.recipe(id) DEFERRABLE INITIALLY DEFERRED;


--
-- TOC entry 5019 (class 2606 OID 23972)
-- Name: recipe_ingredient recipes_recipeingred_ingredient_id_0efc0df1_fk_recipes_i; Type: FK CONSTRAINT; Schema: public; Owner: -
--

ALTER TABLE ONLY public.recipe_ingredient
    ADD CONSTRAINT recipes_recipeingred_ingredient_id_0efc0df1_fk_recipes_i FOREIGN KEY (ingredient_id) REFERENCES public.ingredient(id) DEFERRABLE INITIALLY DEFERRED;


--
-- TOC entry 5020 (class 2606 OID 23977)
-- Name: recipe_ingredient recipes_recipeingred_recipe_id_76423229_fk_recipes_r; Type: FK CONSTRAINT; Schema: public; Owner: -
--

ALTER TABLE ONLY public.recipe_ingredient
    ADD CONSTRAINT recipes_recipeingred_recipe_id_76423229_fk_recipes_r FOREIGN KEY (recipe_id) REFERENCES public.recipe(id) DEFERRABLE INITIALLY DEFERRED;


--
-- TOC entry 5021 (class 2606 OID 24006)
-- Name: recipe_ingredient recipes_recipeingredient_unit_id_23d6437a_fk_recipes_unit_id; Type: FK CONSTRAINT; Schema: public; Owner: -
--

ALTER TABLE ONLY public.recipe_ingredient
    ADD CONSTRAINT recipes_recipeingredient_unit_id_23d6437a_fk_recipes_unit_id FOREIGN KEY (unit_id) REFERENCES public.unit(id) DEFERRABLE INITIALLY DEFERRED;


--
-- TOC entry 5018 (class 2606 OID 23966)
-- Name: recipe_step recipes_recipestep_recipe_id_f5329783_fk_recipes_recipe_id; Type: FK CONSTRAINT; Schema: public; Owner: -
--

ALTER TABLE ONLY public.recipe_step
    ADD CONSTRAINT recipes_recipestep_recipe_id_f5329783_fk_recipes_recipe_id FOREIGN KEY (recipe_id) REFERENCES public.recipe(id) DEFERRABLE INITIALLY DEFERRED;


-- Completed on 2026-03-07 19:30:13

--
-- PostgreSQL database dump complete
--
